Nome,Razão Social,Codigo,Setor,Segmento
AF INVEST CRI FDO. INV. IMOB - RECEBÍVEIS IMOB.,FII AFHI CRI,AFHI,Fundo de Papel,Papéis
AJ MALLS FDO DE INV IMOB,FII AJ MALLS,AJFI,Fundo de Tijolo,Shoppings
ALIANZA CRÉDITO  IMOBILIÁRIO FUNDO DE INVESTIMENTO,FII ALIANZAC,ALZC,Fundo de Papel,Papéis
ALIANZA MULTIESTRATÉGIA FUNDO DE INVESTIMENTO IMOB,FII ALIANZME,ALZM,Fundo de Papel,Fundo de Fundos
ALIANZA MULTIOFFICES  - FDO. INV. IMOB,FII MULT OF1,MTOF,Fundo de Tijolo,Lajes Corporativas
ALIANZA TÍTULOS IMOB. FDO INV. IMOB.,FII INTER,BICR,Fundo de Papel,Papéis
ALIANZA TRUST RENDA IMOBILIARIA FDO INV IMOB,FII ALIANZA,ALZR,Fundo Misto,Misto
ALIANZA URBAN HUB RENDA FUNDO DE INVESTIMENTO IMOB,FII ALI URB,AURB,Fundo de Tijolo,Imóveis Comerciais - Outros
APEX REALTY FDO DE INV IMOB  RESP LTDA,FII APXR,APXR,Fundo de Tijolo,Imóveis Residenciais
APEX URB FDO DE INV IMOB  RESP LTDA,FII APXU,APXU,Fundo de Tijolo,Imóveis Residenciais
AROEIRA 333 RENDA LOGÍSTICA FDO DE INV IMOB,FII AROA,AROA,Fundo de Tijolo,Imóveis Industriais e Logísticos
 ARX DOVER RECEBÍVEIS FDO DE INV IMOB,FII ARXD R,ARXD,Fundo de Papel,Papéis
AUTONOMY EDIFÍCIOS CORPORATIVOS FUND. INV. IMOB.,FII AUTONOMY,AIEC,Fundo de Tijolo,Lajes Corporativas
AZ QUEST PANORAMA CRÉDITO ESTRUTURADO FII RESP LTD,FII AZPE,AZPE,Fundo de Papel,Papéis
BANESTES RECEBÍVEIS IMOBILIÁRIOS FDO INV IMOB  FII,FII BEES CRI,BCRI,Fundo de Papel,Papéis
BANRISUL NOVAS FRONTEIRAS FDO INV IMOB - FII,FII BANRISUL,BNFS,Fundo de Tijolo,Agências de Bancos
BANRISUL NOVAS FRONTEIRAS FDO INV IMOB - FII,FII BANRISUL,BNFS,Fundo de Tijolo,Agências de Bancos
BANRISUL NOVAS FRONTEIRAS FDO INV IMOB - FII,FII BANRISUL,BNFS,Fundo de Tijolo,Agências de Bancos
BANRISUL NOVAS FRONTEIRAS FDO INV IMOB - FII,FII BANRISUL,BNFS,Fundo de Tijolo,Agências de Bancos
BANRISUL NOVAS FRONTEIRAS FDO INV IMOB - FII,FII BANRISUL,BNFS,Fundo de Tijolo,Agências de Bancos
BANRISUL NOVAS FRONTEIRAS FDO INV IMOB - FII,FII BANRISUL,BNFS,Fundo de Tijolo,Agências de Bancos
BANRISUL NOVAS FRONTEIRAS FDO INV IMOB - FII,FII BANRISUL,BNFS,Fundo de Tijolo,Agências de Bancos
BARRA MALLS FUNDO DE INVESTIMENTO IMOBILIÁRIO,FII BR MALLS,BTML,Fundo de Tijolo,Lajes Corporativas
BARZEL CD1 FUNDO DE INVESTIMENTO IMOBILIÁRIO,FII BARZEL,BZEL,Fundo Misto,Misto
BASÍLICA PARTNERS LED CORPORATE FDO INV IMOB FII,FII BASILICA,BPLC,Fundo Misto,Misto
BB FDO INV IMOB PROGRESSIVO,FII BB PROGR,BBFI,Fundo de Tijolo,Lajes Corporativas
BB FUNDO DE FUNDOS - FDO. INV. IMOB.,FII BB FOF,BBFO,Fundo de Papel,Fundo de Fundos
BB RENDA CORPORATIVA FDO INV IMOB - FII,FII BB CORP,BBRC,Fundo de Tijolo,Agências de Bancos
BB RENDA CORPORATIVA FDO INV IMOB - FII,FII BB CORP,BBRC,Fundo de Tijolo,Agências de Bancos
BB RENDA CORPORATIVA FDO INV IMOB - FII,FII BB CORP,BBRC,Fundo de Tijolo,Agências de Bancos
BB RENDA CORPORATIVA FDO INV IMOB - FII,FII BB CORP,BBRC,Fundo de Tijolo,Agências de Bancos
BB RENDA CORPORATIVA FDO INV IMOB - FII,FII BB CORP,BBRC,Fundo de Tijolo,Agências de Bancos
BB RENDA CORPORATIVA FDO INV IMOB - FII,FII BB CORP,BBRC,Fundo de Tijolo,Agências de Bancos
BB RENDA CORPORATIVA FDO INV IMOB - FII,FII BB CORP,BBRC,Fundo de Tijolo,Agências de Bancos
BB RENDA DE PAPÉIS IMOBILIÁRIOS FDO INV IMOB - FII,FII BB R PAP,RNDP,Fundo de Papel,Papéis
BLUECAP LOG FUNDO DE INVESTIMENTO IMOBILIÁRIO,FII BLOG,BLOG,Fundo Misto,Misto
BLUEMACAW LOGÍSTICA FDO. INVEST. IMOB.,FII BLUE LOG,BLMG,Fundo de Tijolo,Imóveis Industriais e Logísticos
BR7 SENADO FUNDO DE INVESTIMENTO IMOBILIÁRIO,FII BR7 SENA,BRSE,Fundo Misto,Indefinido
BRADESCO CARTEIRA IMOBILIÁRIA ATIVA - FII,FII BCIA,BCIA,Fundo de Papel,Fundo de Fundos
BRAZILIAN GRAVEYARD DEATH CARE FDO INV IMOB - FII,FII DEA CARE,CARE,Fundo Misto,Misto
BRC - II FUNDO DE INVESTIMENTO IMOBILIÁRIO,FII RTEL,RTEL,Fundo Misto,Misto
BRC RENDA CORPORATIVA FII,FII ATHENA I,FATN,Fundo de Tijolo,Lajes Corporativas
BRESCO LOGÍSTICA - FDO INV IMOB,FII BRESCO,BRCO,Fundo de Tijolo,Imóveis Industriais e Logísticos
BRIO CRÉDITO ESTRUTURADO - FDO. INVEST. IMOB.,FII BRIO CRE,BICE,Fundo de Papel,Fundo de Fundos
BRIO MULTIESTRATÉGIA FDO INV IMOB,FII BRIO ME,BIME,Fundo Misto,Indefinido
BRIO REAL ESTATE II - FDO INV IMOB,FII BRIO II,BRIM,Fundo Misto,Fundo de Desenvolvimento
BRIO REAL ESTATE III FDO DE INVEST. IMOB.,FII BRIO III,BRIP,Fundo Misto,Fundo de Desenvolvimento
BRIO REAL ESTATE IV - FUNDO DE INVESTIMENTO IMOB,FII BRIO IV,BIPD,Fundo Misto,Indefinido
BRIO REAL ESTATE V - FII,FII BRIO V,BIPE,Fundo de Tijolo,Imóveis Residenciais
BRIX FUNDO DE INVESTIMENTO IMOBILIÁRIO,FII BRIX,BRIX,Fundo Misto,Indefinido
BRPR CORPORATE OFFICES FDO DE INV IMOB,FII BROF,BROF,Fundo de Tijolo,Lajes Corporativas
BRPR E-TOWER FDO DE INV IMOB,FII BETW,BETW,Fundo Misto,Indefinido
BS2 ALLINVESTMENTS FDO DE INV IMOB,FII BS2,LLAO,Fundo Misto,Misto
BTG PACTUAL HOTÉIS FII,BTG HOTEL FI,BTHI,Fundo de Tijolo,Hotéis
BTG PACTUAL LOGISTICA FDO INV IMOB - FII,FII BTLG,BTLG,Fundo de Tijolo,Imóveis Industriais e Logísticos
BTG PACTUAL REAL ESTATE HEDGE FUND FII - RESP LTDA,FII BTHF,BTHF,Fundo de Papel,Papéis
BTOWERS FII - FUNDO DE INVESTIMENTO IMOBILIÁRIO,FII BTOWERS,BTWR,Fundo Misto,Fundo de Desenvolvimento
BTSP I FDO. INVEST. IMOB - FII,FII BTSP I,BTSG,Fundo de Tijolo,Imóveis Industriais e Logísticos
BTSP II FUNDO DE INVESTIMENTO IMOBILIÁRIO,FII BTSP II,BTSI,Fundo Misto,Misto
CAIXA RIO BRAVO FDO DE FDOS INV IMOB II,FII CX RBRA2,CRFF,Fundo de Papel,Fundo de Fundos
CAIXA RIO BRAVO FUNDO DE FDO INV IMOB - FII,FII CX RBRAV,CXRI,Fundo de Papel,Fundo de Fundos
 CANUMA CAPITAL MULTIESTRATÉGIA FDO DE INV IMOB,FII CANUMA,CCME,Fundo Misto,Indefinido
CANUMA CAPITAL RENDA VAREJO FDO INV RESP LIMIT,FII CCVA,CCVA,Fundo Misto,Indefinido
CAPITÂNIA HBC RENDA URBANA FDO INV IMOB RESP LTDA.,FII VBI CON,EVBI,Fundo Misto,Misto
CAPITÂNIA LOGÍSTICA FDO DE INV IMOB,FII CPLG,CPLG,Fundo Misto,Misto
CAPITÂNIA OFFICE FII - FDO DE INV IMOB,FII CPOF,CPOF,Fundo Misto,Misto
CAPITÂNIA REIT FOF - FDO. INVEST. IMOB,FII CAP REIT,CPFF,Fundo de Papel,Fundo de Fundos
CAPITANIA SECURITIES II FDO INV IMOB - FII,FII CAPI SEC,CPTS,Fundo de Papel,Papéis
CAPITÂNIA SHOPPINGS FUNDO DE INVESTIMENTO IMOB,FII CPSH,CPSH,Fundo Misto,Indefinido
CARTESIA RECEBÍVEIS IMOBILIÁRIOS - FUNDO DE INVEST,CARTESIA FII,CACR,Fundo de Papel,Papéis
CASTELLO BRANCO OFFICE PARK FII - FII RESPONS LTDA,FII CBOP PAX,CBOP,Fundo de Tijolo,Lajes Corporativas
CATUAÍ VBI TRIPLE A FDO DE INV IMOB,FII BLUE AAA,BLCA,Fundo Misto,Indefinido
CENU - FDO DE INV IMOB,FII CENU,CENU,Fundo de Tijolo,Lajes Corporativas
CF2 FUNDO DE INVESTIMENTO IMOBILIÁRIO,FII CF2,CFHI,Fundo Misto,Fundo de Desenvolvimento
CF3 FUNDO DE INVESTIMENTO IMOBILIÁRIO - FII,FII CF3 IMOB,CFII,Fundo Misto,Indefinido
CIDADE JARDIM CONTINENAL TOWER FDO INV IMOB,FII CJCTOWER,CJCT,Fundo de Tijolo,Lajes Corporativas
CIX MUIRAQUITAN FDO DE INV IMOB,FII CIXM,CIXM,Fundo Misto,Misto
CIX RENDIMENTO FUNDO DE INVESTIMENTO IMOBILIÁRIO,FII CIX REND,CIXR,Fundo Misto,Indefinido
CLAVE ÍNDICES DE PREÇOS FDO DE INV IMOB,FII CLAVE IN,CLIN,Fundo de Papel,Fundo de Fundos
COSMIC FDO DE INV IMOB,FII COSMIC,CSMC,Fundo Misto,Indefinido
CVPAR FUNDO DE INVESTIMENTO IMOBILIÁRIO DE CRI,FII CVPAR,CVPR,Fundo Misto,Indefinido
CYRELA CRÉDITO - FUNDO DE INVESTIMENTO IMOBILIÁRIO,FII CYRELA,CYCR,Fundo Misto,Indefinido
CYRELA DESENVOLVIMENTO LOGÍSTICO FDO INV IMOB,FII CYLD,CYLD,Fundo de Tijolo,Imóveis Industriais e Logísticos
DAMA FUNDO DE INVESTIMENTO IMOBILIÁRIO RESP LIMITA,FII DAMA,DAMA,Fundo Misto,Misto
DAYCOVAL METROPOLIS FUND INVESTIMENTO IMOBILIÁRIO,FII ASA MET,ASMT,Fundo de Tijolo,Lajes Corporativas
DAYCOVAL RETROFITS I FDO DE INV IMOB - FII,FII ASA RET,ASRF,Fundo Misto,Indefinido
DEL MONTE AJAX FDO INV IMOB - FII,FII DEL MONT,DLMT,Fundo de Tijolo,Varejo
DEVANT PROPERTIES FUNDO DE INVESTIMENTO IMOB,FII DEVA PRO,DPRO,Fundo Misto,Indefinido
DEVANT RECEBÍVEIS IMOBILIÁRIOS FDO. INVEST. IMOB.,FII DEVANT,DEVA,Fundo de Papel,Papéis
EDGE FDO DE INV IMOB RESP LIM,FII EDGE,EDGE,Fundo de Papel,Papéis
EMET MULTIESTRATÉGIA FDO DE INV IMOB,FII EMET,EMET,Fundo Misto,Misto
ENERGY RESORT FDO. INVEST. IMOB.,FII ENERGY,EGYR,Fundo Misto,Fundo de Desenvolvimento
EQI RECEBÍVEIS IMOBILIÁRIOS FDO DE INV IMOBILIÁRIO,FII EQI RECE,EQIR,Fundo Misto,Indefinido
ESTOQUE RESIDENCIAL E COMERCIAL RJ FDO INV IMOB,FII ESTOQ RJ,ERCR,Fundo de Tijolo,Varejo
EUROPA 105 - FDO INV IMOB,FII EUROPA,ERPA,Fundo de Tijolo,Lajes Corporativas
EVEN II KINEA FUNDO DE INVESTIMENTO IMOBILIÁRIO,FII EVEN II,KEVE,Fundo Misto,Fundo de Desenvolvimento
EXES FUNDO DE INVESTIMENTO IMOBILIÁRIO,FII EXES,EXES,Fundo Misto,Indefinido
FARIA LIMA CAPITAL RECEB. IMOB. I - FDO INV. IMOB.,FII FL RECEB,FLCR,Fundo de Papel,Papéis
FATOR RENDA GALPÃO FDO INV IMOB,FII FATOR GP,FAGL,Fundo de Tijolo,Imóveis Industriais e Logísticos
FATOR RENDA URBANA FDO DE INV IMOB,FII FARU,FARU,Fundo Misto,Indefinido
FATOR VERITA FDO INV IMOB - FII,FII FATOR VE,VRTA,Fundo de Papel,Papéis
FATOR VERITÀ MULTIESTRATÉGIA FDO INV IMOB,FII VRTM,VRTM,Fundo Misto,Misto
FDO BRASÍLIO MACHADO DE INVESTIMENTO IMOBILIÁRIO,FII BRASILIO,BMII,Fundo de Tijolo,Lajes Corporativas
FDO DE INV IMOB  CAMPREV SUST PREV DO MUN RESP LIM,FII FIIC,FIIC,Fundo de Tijolo,Imóveis Comerciais - Outros
FDO DE INV IMOB LEBLON REALTY DESENVOLVIMENTO I,FII LEBLON,LRDI,Fundo Misto,Indefinido
FDO DE INV IMOB MAUA CAPITAL MPD DESENV RESID,FII MAUA MPD,MMPD,Fundo Misto,Indefinido
FDO DE INV IMOBILIÁRIO DE CRI INTEGRAL BREI,FII BREI,IBCR,Fundo de Papel,Papéis
FDO DE INV IMOBILIÁRIO DE UNIDADES AUTÔNOMAS II,FII UNID II,IDGR,Fundo Misto,Misto
FDO DE INV IMOBILIÁRIO DE UNIDADES AUTÔNOMAS IV,FII IDUA,IDUA,Fundo de Tijolo,Imóveis Comerciais - Outros
FDO DE INVEST IMOB GUARDIAN MULTIESTRATÉGIA I,FII GUARD MU,GAME,Fundo Misto,Indefinido
FDO DE INVEST IMOB TELLUS RIO BRAVO RENDA LOGISTIC,FII SDI LOG,TRBL,Fundo de Tijolo,Imóveis Industriais e Logísticos
FDO INV IMOB - FII ANHANGUERA EDUCACIONAL,FII ANH EDUC,FAED,Fundo de Tijolo,Educacional
FDO INV IMOB - FII BM BRASCAN LAJES CORPORATIVAS,FII BMBRC LC,BMLC,Fundo de Tijolo,Lajes Corporativas
FDO INV IMOB - FII BTG PACTUAL CORP. OFFICE FUND,FII BC FUND,BRCR,Fundo de Tijolo,Lajes Corporativas
FDO INV IMOB - FII CAMPUS FARIA LIMA,FII CAMPUSFL,FCFL,Fundo de Tijolo,Educacional
FDO INV IMOB - FII CENESP,FII CENESP,CNES,Fundo de Tijolo,Lajes Corporativas
FDO INV IMOB - FII CEO CYRELA COMMERC. PROPERTIES,FII CEO CCP,CEOC,Fundo de Tijolo,Lajes Corporativas
FDO INV IMOB - FII EDIFÍCIO GALERIA,FII GALERIA,EDGA,Fundo de Tijolo,Lajes Corporativas
FDO INV IMOB - FII HOSPITAL DA CRIANÇA,FII CRIANCA,HCRI,Fundo de Tijolo,Hospitalar
FDO INV IMOB - FII HOSPITAL NOSSA SRA DE LOURDES,FII LOURDES,NSLU,Fundo de Tijolo,Hospitalar
FDO INV IMOB - FII HOTEL MAXINVEST,FII HOTEL MX,HTMX,Fundo de Tijolo,Hotéis
FDO INV IMOB - FII MAX RETAIL,FII MAX RET,MAXR,Fundo de Tijolo,Varejo
FDO INV IMOB - FII NOVO HORIZONTE,FII NOVOHORI,NVHO,Fundo de Tijolo,Hospitalar
FDO INV IMOB - FII PARQUE D. PEDRO SHOPPING CENTER,FII D PEDRO,PQDP,Fundo de Tijolo,Shoppings
FDO INV IMOB - FII PATEO BANDEIRANTES,FII PTO BAND,PATB,Fundo de Tijolo,Lajes Corporativas
FDO INV IMOB - FII RBR RENDIMENTO HIGH GRADE,FII RBRHGRAD,RBRR,Fundo de Papel,Papéis
FDO INV IMOB - FII REC RECEBIVEIS IMOBILIARIOS,FII REC RECE,RECR,Fundo de Papel,Papéis
FDO INV IMOB - FII REC RENDA IMOBILIARIA,FII REC REND,RECT,Fundo de Tijolo,Lajes Corporativas
FDO INV IMOB - FII TORRE ALMIRANTE,FII TORRE AL,ALMI,Fundo de Tijolo,Lajes Corporativas
FDO INV IMOB - FII TORRE NORTE,FII TORRE NO,TRNT,Fundo de Tijolo,Lajes Corporativas
FDO INV IMOB - VBI LOGÍSTICO,FII VBI LOG,LVBI,Fundo de Tijolo,Imóveis Industriais e Logísticos
FDO INV IMOB BRASIL PLURAL ABSOLUTO FDO DE FUNDOS,FII ABSOLUTO,BPFF,Fundo de Papel,Fundo de Fundos
FDO INV IMOB BRASIL VAREJO - FII,FII B VAREJO,BVAR,Fundo de Tijolo,Varejo
FDO INV IMOB BTG PACTUAL SHOPPINGS,FII BTG SHOP,BPML,Fundo de Tijolo,Shoppings
FDO INV IMOB BTG PACTUAL TERRAS AGRÍCOLAS,FII BTG TAGR,BTRA,Fundo Misto,Indefinido
FDO INV IMOB CAIXA CARTEIRA IMOBILIÁRIA,FII CAIXA CI,CXCI,Fundo Misto,Indefinido
FDO INV IMOB CAIXA CEDAE,FII CX CEDAE,CXCE,Fundo de Tijolo,Lajes Corporativas
FDO INV IMOB CAIXA SEQ LOGÍSTICA RENDA,FII CX TRX,CXTL,Fundo de Tijolo,Imóveis Industriais e Logísticos
FDO INV IMOB CENTRO TEXTIL INTERNACIONAL,FII C TEXTIL,CTXT,Fundo de Tijolo,Lajes Corporativas
FDO INV IMOB CJ - FII,FII CJ,CJFI,Fundo Misto,Misto
FDO INV IMOB CONTINENTAL SQUARE FARIA LIMA,FII S F LIMA,FLMA,Fundo de Tijolo,Lajes Corporativas
FDO INV IMOB DESENV ESCRITÓRIOS BOUTIQUE RESP LIM,FII EGDB,EGDB,Fundo de Tijolo,Imóveis Comerciais - Outros
FDO INV IMOB EUROPAR,FII EUROPAR,EURO,Fundo de Tijolo,Imóveis Industriais e Logísticos
FDO INV IMOB GRAND PLAZA SHOPPING,FII ABC IMOB,ABCP,Fundo de Tijolo,Shoppings
FDO INV IMOB GREEN TOWERS,FII G TOWERS,GTWR,Fundo de Tijolo,Lajes Corporativas
FDO INV IMOB HOSPITAL UNIMED CAMPINA GRANDE,FII UNIMED C,HUCG,Fundo de Tijolo,Hospitalar
FDO INV IMOB HOSPITAL UNIMED SUL CAPIXABA,FII H UNIMED,HUSC,Fundo de Tijolo,Hospitalar
FDO INV IMOB INDUSTRIAL DO BRASIL,FII INDL BR,FIIB,Fundo de Tijolo,Imóveis Industriais e Logísticos
FDO INV IMOB INFRA REAL ESTATE - FII,FII INFRA RE,FINF,Fundo de Tijolo,Imóveis Industriais e Logísticos
FDO INV IMOB MEMORIAL OFFICE,FII MEMORIAL,FMOF,Fundo de Tijolo,Lajes Corporativas
FDO INV IMOB MV9 - FII,FII MV9,MVFI,Fundo Misto,Misto
FDO INV IMOB OURINVEST LOGÍSTICA,FII OURILOG,OULG,Fundo de Tijolo,Imóveis Industriais e Logísticos
FDO INV IMOB PANAMBY,FII PANAMBY,PABY,Fundo Misto,Fundo de Desenvolvimento
FDO INV IMOB PEDRA NEGRA RENDA IMOB,FII P NEGRA,FPNG,Fundo de Tijolo,Lajes Corporativas
FDO INV IMOB POLO ESTOQUE II - FII,FII POLO II,ESTQ,Fundo Misto,Misto
FDO INV IMOB POLO SHOPPING INDAIATUBA - RESP. LTDA,FII POLO SHO,VPSI,Fundo de Tijolo,Shoppings
FDO INV IMOB PROJETO ÁGUA BRANCA,FII A BRANCA,FPAB,Fundo de Tijolo,Lajes Corporativas
FDO INV IMOB QUINTAS,FII QUINTAS,QNTS,Fundo Misto,Indefinido
FDO INV IMOB RBR CREDITO IMOB ESTRUTURADO,FII RBR PCRI,RBRY,Fundo de Papel,Papéis
FDO INV IMOB RBR PROPERTIES - FII,FII RBR PROP,RBRP,Fundo de Tijolo,Lajes Corporativas
FDO INV IMOB RIO BRAVO RENDA CORPORATIVA,FII RIOB RC,RCRB,Fundo de Tijolo,Lajes Corporativas
FDO INV IMOB RIO BRAVO RENDA EDUCACIONAL - FII,FII RIOB ED,RBED,Fundo de Tijolo,Educacional
FDO INV IMOB RIO BRAVO RENDA VAREJO - FII,FII RIOB VA,RBVA,Fundo de Tijolo,Varejo
FDO INV IMOB RIO NEGRO - FII,FII RIONEGRO,RNGO,Fundo de Tijolo,Lajes Corporativas
FDO INV IMOB SC 401,FII SC 401,FISC,Fundo de Tijolo,Lajes Corporativas
FDO INV IMOB SCP,FII SCP,SCPF,Fundo de Tijolo,Shoppings
FDO INV IMOB SHOPPING PÁTIO HIGIENÓPOLIS,FII HIGIENOP,SHPH,Fundo de Tijolo,Shoppings
FDO INV IMOB TG ATIVO REAL,FII TG ATIVO,TGAR,Fundo Misto,Fundo de Desenvolvimento
FDO INV IMOB VBI RENDIMENTOS IMOB I FII,FII BARIGUI,BARI,Fundo de Papel,Papéis
FDO INV IMOB VEREDA - FII,FII VEREDA,VERE,Fundo de Tijolo,Imóveis Industriais e Logísticos
FDO INV IMOB VIA PARQUE SHOPPING - FII,FII V PARQUE,FVPQ,Fundo de Tijolo,Shoppings
FDO INV IMOB VIDA NOVA - FII,FII VIDANOVA,FIVN,Fundo de Tijolo,Shoppings
FDO INV IMOB VOTORANTIM LOGISTICA,FII VOT LOG,VTLT,Fundo de Tijolo,Imóveis Industriais e Logísticos
FDO INV IMOB VOTORANTIM SHOPPING,FII VOT SHOP,VSHO,Fundo de Tijolo,Shoppings
FDO INV. IMOB. PLURAL RECEBIVEIS,FII PLURAL R,PLCR,Fundo de Papel,Papéis
FDO INV. IMOB. PLUS,FII PLUS,VTPL,Fundo de Papel,Papéis
FDO INV. IMOB. REC LOGISTICA,FII REC LOG,RELG,Fundo de Tijolo,Imóveis Industriais e Logísticos
FDO INV. IMOB. VBI CRI,FII VBI CRI,CVBI,Fundo de Papel,Papéis
FDO INV. MAUA CAPITAL RECEBIVEIS IMOB. - FII,FII MAUA,MCCI,Fundo de Papel,Papéis
FDO. INV. IMOB. A - TOWN,FII A TOWN,ATWN,Fundo Misto,Indefinido
FDO. INV. IMOB. BTG PACTUAL AGRO LOGÍSTICA,FII BTG AGRO,BTAL,Fundo de Tijolo,Imóveis Industriais e Logísticos
FDO. INV. IMOB. CAIXA IMÓVEIS CORPORATIVOS,FII CEF CORP,CXCO,Fundo de Tijolo,Lajes Corporativas
FDO. INV. IMOB. HOUSI,FII HOUSI,HOSI,Fundo de Tijolo,Imóveis Residenciais
FDO. INV. IMOB. MOGNO HOTEIS,FII MOGNO HT,MGHT,Fundo de Tijolo,Hotéis
FDO. INV. IMOB. VBI PRIME PROPERTIES,FII VBI PRI,PVBI,Fundo de Tijolo,Lajes Corporativas
FDO. INVEST. IMOB. DEVANT FOF IMOBILIÁRIOS,FII DEVA FOF,DVFF,Fundo de Papel,Fundo de Fundos
FDO. INVEST. IMOB. RB CAPITAL I FUNDO DE FUNDOS,FII RB CFOF,RFOF,Fundo de Papel,Fundo de Fundos
FDO. INVEST. IMOB. VOTORANTIM PATRIMONIAL V,FII VOTP V,VTPA,Fundo de Papel,Fundo de Fundos
FDO. INVEST. IMOB. VOTORANTIM PATRIMONIAL XII,FII VOTP XII,VTXI,Fundo Misto,Misto
FII - FII BTG PACTUAL FUNDO DE FUNDOS RESPONS LTDA,FII BC FFII,BCFF,Fundo de Papel,Fundo de Fundos
FII - FII NCH BRASIL RECEBÍVEIS IMOBILIÁRIOS,FII NCH BR,NCHB,Fundo de Papel,Papéis
FII BTG PACTUAL CRÉDITO IMOBILIÁRIO,FII BTG CRI,BTCI,Fundo de Papel,Papéis
FII HIRE RESIDENCIAL I - FDO DE INV IMOB,FII HIRE RES,HRES,Fundo de Tijolo,Imóveis Residenciais
FII INTERMEDIÁRIO NAVI TOT,INTERMED NT,N4V1,Fundo de Papel,Fundo de Fundos
FII INTERMEDIÁRIO NAVI TOT,INTERMED NT,N4V1,Fundo de Papel,Fundo de Fundos
FII IRIDIUM RECEBÍVEIS IMOBILIÁRIOS,FII IRIDIUM,IRDM,Fundo de Papel,Papéis
 FLORIANO FUNDO DE INVESTIMENTO IMOBILIÁRIO,FII FLNR,FLNR,Fundo de Papel,Fundo de Fundos
FOF JHSF CAPITAL INSTITUCIONAL - FII,FII JCIN,JCIN,Fundo de Papel,Fundo de Fundos
FRAM CAPITAL HELMER MULTI RENDA PREF FDO INV IMOB,FII HLMB,HLMB,Fundo Misto,Misto
FRAM CAPITAL SBCLOG FDO. INV. IMOB.,FII SBCLOG,SBCL,Fundo de Tijolo,Imóveis Industriais e Logísticos
FRONTEIRA MULTI FUNDO DE INVESTIMENTO IMOBILIÁRIO,FII FRONT,FRHY,Fundo Misto,Indefinido
FUND. DE INVEST. IMOBILIÁRIO GUARDIAN REAL ESTATE,FII GUARDIAN,GARE,Fundo de Tijolo,Imóveis Industriais e Logísticos
FUND. INVEST. IMOB. SUCCESPAR VAREJO,FII S VAREJO,SPVJ,Fundo de Tijolo,Shoppings
FUNDO DE FDO INV IMOB KINEA FII,FII KINEAFOF,KFOF,Fundo de Papel,Fundo de Fundos
FUNDO DE INV IMOB RBR CRÉD PULVERIZADO RESP LTDA,FII PULV,PULV,Fundo de Papel,Papéis
FUNDO DE INV IMOB ROOFTOP III RESP LIMIT,FII HOMS,HOMS,Fundo Misto,Fundo de Desenvolvimento
FUNDO DE INVEST IMOBILIARIO SUNO ENERGIAS LIMPAS,FII SUNO EL,SNEL,Fundo Misto,Fundo de Desenvolvimento
FUNDO DE INVESTIMENTO IMOBILIÁRIO - BLUE RECEBÍVEI,FII BLUE REC,BLUR,Fundo de Papel,Papéis
FUNDO DE INVESTIMENTO IMOBILIÁRIO - DEVELOPMENT V1,FII DEV ONE,LKDV,Fundo de Papel,Papéis
FUNDO DE INVESTIMENTO IMOBILIÁRIO - FII RBR DESENV,FII RBR III,RBRI,Fundo Misto,Fundo de Desenvolvimento
FUNDO DE INVESTIMENTO IMOBILIÁRIO - SPX SYN MULT,FII SPX SYN,SPXS,Fundo Misto,Indefinido
FUNDO DE INVESTIMENTO IMOBILIÁRIO APEX MALLS - FII,FII APEX MS,APXM,Fundo de Tijolo,Shoppings
FUNDO DE INVESTIMENTO IMOBILIÁRIO CAIXA AGÊNCIAS,FII CAIXA AG,CXAG,Fundo de Tijolo,Agências de Bancos
FUNDO DE INVESTIMENTO IMOBILIÁRIO CAIXA AGÊNCIAS,FII CAIXA AG,CXAG,Fundo de Tijolo,Agências de Bancos
FUNDO DE INVESTIMENTO IMOBILIÁRIO CAIXA AGÊNCIAS,FII CAIXA AG,CXAG,Fundo de Tijolo,Agências de Bancos
FUNDO DE INVESTIMENTO IMOBILIÁRIO CAIXA AGÊNCIAS,FII CAIXA AG,CXAG,Fundo de Tijolo,Agências de Bancos
FUNDO DE INVESTIMENTO IMOBILIÁRIO CAIXA AGÊNCIAS,FII CAIXA AG,CXAG,Fundo de Tijolo,Agências de Bancos
FUNDO DE INVESTIMENTO IMOBILIÁRIO CAIXA AGÊNCIAS,FII CAIXA AG,CXAG,Fundo de Tijolo,Agências de Bancos
FUNDO DE INVESTIMENTO IMOBILIÁRIO CAIXA AGÊNCIAS,FII CAIXA AG,CXAG,Fundo de Tijolo,Agências de Bancos
FUNDO DE INVESTIMENTO IMOBILIÁRIO HBC RENDA URBANA,FII HBC REN,HBCR,Fundo Misto,Indefinido
FUNDO DE INVESTIMENTO IMOBILIÁRIO MINT EDUCACIONAL,FII MINT EDU,MINT,Fundo de Tijolo,Educacional
FUNDO DE INVESTIMENTO IMOBILIARIO PATRIMONIAL IV,FII PATRI IV,OPTM,Fundo Misto,Misto
FUNDO DE INVESTIMENTO IMOBILIÁRIO RIZA TERRAX,FII RIZA TX,RZTR,Fundo Misto,Misto
FUNDO DE INVESTIMENTO IMOBILIÁRIO ROOFTOP I,FII ROOFTOPI,ROOF,Fundo Misto,Fundo de Desenvolvimento
G5 CIDADE NOVA FDO. INVEST. IMOB.,FII TOUR V,TCIN,Fundo de Papel,Fundo de Fundos
GALAPAGOS RECEBÍVEIS IMOBILIÁRIOS - FDO. INV. IMOB,FII GLPG CRI,GCRI,Fundo de Papel,Papéis
GALAPAGOS SPECIAL OPORTUNITIES FII,FII GALAP SP,GCOI,Fundo Misto,Indefinido
GAZIT MALLS FUNDO DE INVESTIMENTO IMOBILIÁRIO,FII GAZIT,GZIT,Fundo Misto,Indefinido
GENERAL SHOP E OUTLETS DO BRASIL FDO INV IMOB - FI,FII GENERAL,GSFI,Fundo de Tijolo,Shoppings
"GENERAL SHOPPING ATIVO E RENDA FUNDO DE INV, IMOB.",FII GEN SHOP,FIGS,Fundo de Tijolo,Shoppings
GENESIS MULTIESTRATÉGIA FDO INV. IMOB.,FII VX XVI,VXXV,Fundo Misto,Fundo de Desenvolvimento
GENIAL LOGÍSTICA FUNDO DE INVESTIMENTO IMOBILIÁRIO,FII PLURAL L,GLOG,Fundo de Tijolo,Imóveis Industriais e Logísticos
GENIAL MALLS FUNDO DE INVESTIMENTO IMOBILIÁRIO,FII MALLS BP,MALL,Fundo de Tijolo,Shoppings
GGR COVEPI RENDA FDO INV IMOB RESPONSAB LTDA,FII GGRCOVEP,GGRC,Fundo de Tijolo,Imóveis Industriais e Logísticos
GRUPO RCFA FDO INV IMOB,FII GP RCFA,RCFA,Fundo Misto,Fundo de Desenvolvimento
HABITAT RECEBÍVEIS PULVERIZADOS - FII,FII HABIT II,HABT,Fundo de Papel,Papéis
HAZ FDO INV IMOB - FII,FII HAZ,ATCR,Fundo de Tijolo,Lajes Corporativas
HECTARE CE - FDO INV IMOB,FII HECTARE,HCTR,Fundo de Papel,Papéis
HECTARE DESENV. STUDENT HOUSING - FDO. INV. IMOB.,FII HECT DES,HCST,Fundo Misto,Fundo de Desenvolvimento
HECTARE RECEBÍVEIS HIGH GRADE FDO. INV. IMOB.,FII HECT CRI,HCHG,Fundo de Papel,Papéis
HEDGE AAA FDO. INV. IMOB.,FII HEDGEAAA,HAAA,Fundo de Tijolo,Lajes Corporativas
HEDGE ATRIUM SHOPPING SANTO ANDRE FDO INV IMOB,FII HATRIUM,ATSA,Fundo de Tijolo,Shoppings
HEDGE BRASIL LOGÍSTICO IND FUND INV IMOB RESP LIM,FII HGBL,HGBL,Fundo Misto,Misto
HEDGE BRASIL SHOPPING FDO INV IMOB,FII HEDGEBS,HGBS,Fundo de Tijolo,Shoppings
HEDGE DESENVOLVIMENTO LOGÍSTICO FDO INV IMOB,FII HEDGE DV,HDEL,Fundo de Tijolo,Imóveis Industriais e Logísticos
HEDGE FLORIPA SHOPPING FUNDO INV IMOBI,FII FLORIPA,FLRP,Fundo de Tijolo,Shoppings
HEDGE LOGÍSTICA FDO. INV. IMOB.,FII HEDGELOG,HLOG,Fundo de Tijolo,Imóveis Industriais e Logísticos
HEDGE OFFICE INCOME FUNDO DE INVESTIMENTO IMOB.,FII HOFFICEI,HOFC,Fundo de Tijolo,Lajes Corporativas
HEDGE PALADIN DESIGN OFFICES FDO INV IMOB,FII HEDGE OF,HDOF,Fundo Misto,Fundo de Desenvolvimento
HEDGE REALTY DEVELOPMENT FDO INV IMOB,FII HREALTY,HRDF,Fundo Misto,Fundo de Desenvolvimento
HEDGE RECEBIVEIS IMOB. FUNDO DE INVST. IMOB.,FII HEDGEREC,HREC,Fundo de Papel,Papéis
HEDGE SEED FUNDO DE INVESTIMENTO IMOBILIÁRIO,FII HEDGE SD,SEED,Fundo Misto,Indefinido
HEDGE SHOPPING PARQUE DOM PEDRO FDO. DE INV. IMOB.,FII HEDGEPDP,HPDP,Fundo de Tijolo,Shoppings
HEDGE TOP FOFII 3 FDO INV IMOB,FII HTOPFOF3,HFOF,Fundo de Papel,Fundo de Fundos
HEDGE YEES HABITAÇÕES ECON FDO DE INV IMOB RESP L,FII YEES,YEES,Fundo de Papel,Papéis
HGI CRÉDITOS IMOBILIÁRIOS FDO. INV. IMOB.,FII HGI CRI,HGIC,Fundo de Papel,Papéis
HIRE LOG I FDO DE INV IMOB,FII HIRE LOG,HILG,Fundo Misto,Indefinido
HSI ATIVOS FINANCEIROS FUNDO DE INVESTIMENTO IMOBI,FII HSI CRI,HSAF,Fundo de Papel,Papéis
HSI LOGÍSTICA FUNDO DE INVESTIMENTO IMOBILIÁRIO,FII HSI LOG,HSLG,Fundo de Tijolo,Imóveis Industriais e Logísticos
HSI MALL FDO INV IMOB,FII HSI MALL,HSML,Fundo de Tijolo,Shoppings
HSI RENDA IMOB FDO INV IMOB,FII HSIRENDA,HSRE,Fundo Misto,Misto
HUSI FDO INV. IMOB.,FII HUSI,HUSI,Fundo de Tijolo,Hospitalar
 ICATU VANGUARDA CRÉDITO IMOB FDO DE INV IMOB LTDA,FII IVCI,IVCI,Fundo de Papel,Papéis
ÍCONE - FUNDO DE INVEST IMOB RES LIMITADA,FII ICNE,ICNE,Fundo de Tijolo,Imóveis Residenciais
INTER DESENVOLVIMENTO FDO DE INV IMOB,FII INDE,INDE,Fundo de Tijolo,Lajes Corporativas
INTER LOGÍSTICO FUNDO DE INVESTIMENTO IMOBILIÁRIO,FII INTER LG,INLG,Fundo de Tijolo,Imóveis Industriais e Logísticos
INTER RESIDENCE FUNDO DE INVESTIMENTO IMOBILIÁRIO,FII INTER RD,INRD,Fundo Misto,Fundo de Desenvolvimento
INTER TEVA INDICE DE PAPEL FUNDO DE INVESTIMENTO,FII INTER IP,ITIP,Fundo de Papel,Papéis
 INTER TEVA INDICE DE TIJOLO FUNDO DE INVESTIMENTO,FII INTER IT,ITIT,Fundo de Papel,Fundo de Fundos
INVISTA BRAZILIAN BUSINESS PARK FDO DE INV IMOB,FII IBBP,IBBP,Fundo Misto,Indefinido
INVISTA SCJ - FII,FII ISCJ,ISCJ,Fundo de Papel,Papéis
IRIDIUM FUNDO DE INVESTIMENTO IMOBILIÁRIO,FII IRIM,IRIM,Fundo Misto,Indefinido
ITAÚ CRÉDITO IMOB IPCA FDO DE INV IMOB,FII CI IPCA,ICRI,Fundo Misto,Misto
ITAÚ TEMPUS FUNDO DE INVESTIMENTO IMOBILIÁRIO,FII ITAU TEM,TMPS,Fundo de Papel,Fundo de Fundos
ITAÚ TOTAL RETURN FDO DE INV IMOB,FII ITRI,ITRI,Fundo de Tijolo,Shoppings
JACARANDÁ 02 FUNDO DE INVESTIMENTO IMOBILIÁRIO FII,FII JCDB 02,JCDB,Fundo de Tijolo,Imóveis Comerciais - Outros
JACARANDÁ I FUNDO DE INVESTIMENTO IMOBILIÁRIO -FII,FII JCDA I,JCDA,Fundo Misto,Misto
 JASC RENDA VAREJO ESSENCIAL FDO DE INV IMOB - FII,FII JASC REN,JASC,Fundo de Tijolo,Imóveis Comerciais - Outros
JBFO FOF FDO INV. IMOB.,FII JBFO FOF,JBFO,Fundo de Papel,Papéis
JFDCAM FUNDO DE INVESTIMENTO IMOBILIÁRIO FII,FII JFDCAM,VJFD,Fundo de Papel,Papéis
JFL LIVING FDO. INV. IMOB.,FII JFL LIV,JFLL,Fundo de Tijolo,Imóveis Residenciais
JHSF CAPITAL CIDADE JARDIM - FDO DE INV IMOB,FII JHSF CJ,JCCJ,Fundo de Papel,Papéis
JPP CAPITAL FDO INV IMOB - FII,FII JPP CAPI,JPPC,Fundo Misto,Fundo de Desenvolvimento
JPP CAPITAL RECEBIVEIS IMOB. FDO. INVEST. IMOB.,FII JPPA CRI,JPPA,Fundo de Papel,Papéis
JS ATIVOS FINANCEIROS FDO DE INV IMOBILIÁRIO,FII JS A FIN,JSAF,Fundo de Papel,Fundo de Fundos
JS REAL ESTATE MULTIGESTÃO - FII,FII JS REAL,JSRE,Fundo Misto,Misto
JS RECEBÍVEIS IMOBILIÁRIOS FDO DE INV IMOB,FII JSCR,JSCR,Fundo de Papel,Papéis
JT PREV FDO INV IMOB DESENVOLVIMENTO HABITACIONAL,FII JT PREV,JTPR,Fundo Misto,Fundo de Desenvolvimento
KILIMA FIC FDO. IMOB. SUNO 30,FII KILIMA,KISU,Fundo de Papel,Fundo de Fundos
KILIMA VOLKANO RECEBÍVEIS IMOB FDO DE INV IMOB,FII KIVO,KIVO,Fundo de Papel,Papéis
KINEA AQUISIÇÕES RESIDENCIAIS FII RESP LIM,FII KRES,KRES,Fundo Misto,Misto
KINEA CREDITAS FDO DE INV IMOBILIÁRIO - FII,FII KINEA CR,KCRE,Fundo Misto,Indefinido
KINEA FÊNIX FII - RESP LIM,FII KFEN,KFEN,Fundo Misto,Indefinido
KINEA HEDGE FUND FDO DE INV IMOB,FII KINEA HF,KNHF,Fundo Misto,Indefinido
KINEA HIGH YIELD CRI FDO INV IMOB - FII,FII KINEA HY,KNHY,Fundo de Papel,Papéis
KINEA II REAL ESTATE EQUITY FDO INV IMOB,FII KII REAL,KNRE,Fundo Misto,Fundo de Desenvolvimento
KINEA ÍNDICES DE PREÇOS FDO INV IMOB - FII,FII KINEA IP,KNIP,Fundo de Papel,Papéis
KINEA OPOR IMOB I FUNDO DE INVEST IMB LTDA,FII KOPI,KOPI,Fundo de Tijolo,Imóveis Industriais e Logísticos
KINEA OPORTUNIDADES REAL ESTATE FDO DE INV IMOB,FII KORE,KORE,Fundo de Tijolo,Lajes Corporativas
KINEA PREMIUM PROPERTIES FDO INV IMOB,FII KINEA PR,KNPR,Fundo Misto,Indefinido
KINEA RENDA IMOBILIÁRIA FDO INV IMOB - FII,FII KINEA,KNRI,Fundo Misto,Misto
KINEA RENDIMENTOS IMOBILIÁRIOS FDO INV IMOB - FII,FII KINEA RI,KNCR,Fundo de Papel,Papéis
KINEA SECURITIES FDO. DE INV. IMOB. - FII,FII KINEA SC,KNSC,Fundo de Papel,Papéis
KINEA UNIQUE HY CDI FUNDO DE INVESTIMENTO IMOB,FII KINEA UN,KNUQ,Fundo Misto,Indefinido
LAGO DA PEDRA - FUNDO DE INVESTIMENTO IMOBILIÁRIO,FII LAGO PDR,LPLP,Fundo Misto,Indefinido
LAV SLDZ DESENVOLVIMENTO IMOB FDO INV IMOB,FII LAV SLDZ,SLDZ,Fundo Misto,Fundo de Desenvolvimento
LCP REAL ESTATE DEVELOPMENT FII RESP LIM,FII LRED,LRED,Fundo Misto,Fundo de Desenvolvimento
 LCP SPECIAL OPPORTUNITIES I FDO INV IMOB RESP,FII LSOI,LSOI,Fundo Misto,Misto
LEGATUS SHOPPINGS FDO. INV. IMOB. - FII,FII LEGATUS,LASC,Fundo de Tijolo,Shoppings
LESTE RIVA EQUITY PREFERENCIAL I FDO. INV. IMOB.,FII LESTE PA,LSPA,Fundo de Papel,Papéis
LIFE CAPITAL PARTNERS FUNDO DE INVESTIMENTO IMOB,FII LIFE,LIFE,Fundo de Tijolo,Imóveis Comerciais - Outros
LOFT II FUNDO DE INVESTIMENTO IMOBILIÁRIO,FII LOFT II,LFTT,Fundo de Papel,Papéis
MANATÍ CAPITAL HEDGE FUND FDO INV IMOB,FII MANATI,MANA,Fundo Misto,Indefinido
MARESIAS FUNDO DE INVESTIMENTO IMOBILIÁRIO,FII MMVE OP,MMVE,Fundo Misto,Indefinido
MAUÁ CAPITAL REAL ESTATE FDO DE INV IMOB,FII MAUA RE,MCRE,Fundo de Papel,Papéis
MAXI RENDA FDO INV IMOB - FII,FII MAXI REN,MXRF,Fundo de Papel,Papéis
MÉRITO CEMITÉRIOS FII - FDO DE INV IMOB,FII MCEM,MCEM,Fundo de Tijolo,Shoppings
MÉRITO DESENVOLVIMENTO IMOBILIÁRIO I FII - FII,FII MERITO I,MFII,Fundo Misto,Fundo de Desenvolvimento
MERITO FDO. AÇÕES IMOB. FII - FDO INV. IMOB.,FII MERITOFA,MFAI,Fundo de Papel,Fundo de Fundos
MÉRITO RECEBÍVEIS IMOBILIÁRIOS FII - FDO INV IMOB,FII MERITO R,MFCR,Fundo Misto,Indefinido
MOGNO PROPERTIES FUNDO DE INVESTIMENTO IMOBILIARIO,FII MGRI,MGRI,Fundo Misto,Indefinido
MULTI SHOPPINGS FDO INV IMOB - FII,FII MULTSHOP,SHOP,Fundo de Tijolo,Shoppings
MULTIOFFICES 2 - FDO. INV. IMOB.,FII MULT OF2,MOFF,Fundo de Tijolo,Lajes Corporativas
NAVI CRÉDITO IMOBILIÁRIO - FDO INV IMOB,FII NAVI CRI,NCRI,Fundo de Papel,Papéis
NAVI IMOBILIÁRIO TOTAL RETURN FDO. INVEST. IMOB.,FII NAVI TOT,NAVT,Fundo de Papel,Papéis
NAVI RESIDENCIAL FUNDO DE INVESTIMENTO IMOBILIÁRIO,FII NAVI RSD,APTO,Fundo de Tijolo,Imóveis Residenciais
NEWPORT LOGÍSTICA FDO INV. IMOB.,FII NEWPORT,NEWL,Fundo de Tijolo,Imóveis Industriais e Logísticos
NEWPORT RENDA URBANA FDO INV IMOB,FII NEWRU,NEWU,Fundo de Tijolo,Lajes Corporativas
OCTO FDO DE INV IMOB,FII OCTO,OCRE,Fundo de Papel,Papéis
OPEN K ATIVOS E RECEBIVEIS  IMOBILIARIOS - FII,FII ATRIO,ARRI,Fundo de Papel,Papéis
OPPORTUNITY BALASSIANO FDO DE INV IMOB,FII OPPBAL,OBAL,Fundo de Tijolo,Imóveis Residenciais
OURINVEST JPP FDO INV IMOB - FII,FII OURI JPP,OUJP,Fundo de Papel,Papéis
PANORAMA CREDITO RESIDENCIAL  FDO DE INV IMOB,FII PNCR,PNCR,Fundo de Tijolo,Imóveis Residenciais
PANORAMA DESENVOLVIMENTO LOGÍSTICO FDO. INV. IMOB.,FII PANORAMA,PNDL,Fundo Misto,Fundo de Desenvolvimento
PANORAMA PROPERTIES FDO. INVEST. IMOB.,FII PAN PROP,PNPR,Fundo Misto,Fundo de Desenvolvimento
PANORAMA REAL ESTATE CRÉDITO FDO INV IMOB,FII PNRC,PNRC,Fundo Misto,Indefinido
PARAMIS HEDGE FUND FDO DE INV IMOB,FII PMIS,PMIS,Fundo Misto,Misto
PARKING PARTNERS FDO. INVEST. IMOB.,FII PARK PAR,VTVI,Fundo Misto,Indefinido
PARQUE ANHANGUERA FDO. INVEST. IMOB.,FII PARQ ANH,PQAG,Fundo de Tijolo,Imóveis Industriais e Logísticos
PATAGÔNIA CAPITAL MULTIESTRATÉGIA FDO DE INV IMOB,FII PATA,PATA,Fundo Misto,Misto
PÁTRIA EDIFÍCIOS CORPORATIVOS FDO INV IMOB - FII,FII PATRIA,PATC,Fundo Misto,Fundo de Desenvolvimento
PÁTRIA ESCRITÓRIOS - FDO INV IMOB - RESPONSAB LTDA,FII HGRE PAX,HGRE,Fundo de Tijolo,Lajes Corporativas
PÁTRIA IMOBILIÁRIO FOF - FII - RESPONSAB LTDA.,FII HGFF PAX,HGFF,Fundo de Papel,Fundo de Fundos
PÁTRIA LOG - FDO INV IMOB - RESPONSABILIDADE LTDA.,FII HGLG PAX,HGLG,Fundo de Tijolo,Imóveis Industriais e Logísticos
PÁTRIA LOGÍSTICA FUNDO DE INVESTIMENTO IMOBILIÁRIO,FII PATLOGIS,PATL,Fundo de Tijolo,Imóveis Industriais e Logísticos
PÁTRIA PRIME OFFICES - FII - RESPONSABILIDADE LTDA,FII HGPO PAX,HGPO,Fundo de Tijolo,Lajes Corporativas
PÁTRIA RECEBÍVEIS IMOBILIÁRIOS - FII - RESP. LTDA.,FII HGCR PAX,HGCR,Fundo de Papel,Papéis
PÁTRIA RENDA URBANA - FII - RESPONSABILIDADE LTDA.,FII HGRU PAX,HGRU,Fundo Misto,Misto
PERFORMA REAL ESTATE - FDO. INV. IMOB.,FII PERFORMA,PEMA,Fundo de Papel,Papéis
POLO CREDITO IMOBILIARIO- FII,FII POLO CRI,PORD,Fundo de Papel,Papéis
POLO FDO INV IMOB - FII RECEBÍVEIS IMOBILIÁRIOS I,FII POLO I,PLRI,Fundo de Papel,Papéis
PRAIA DO CASTELO FUNDO DE INVESTIMENTO IMOBILIÁRIO,FII PRAIA CS,PCAS,Fundo Misto,Indefinido
PRAZO - FUNDO DE INVESTIMENTO IMOBILIÁRIO - FII,FII PRAZO,PRZS,Fundo de Papel,Papéis
PRESIDENTE VARGAS FDO INV IMOB,FII P VARGAS,PRSV,Fundo de Tijolo,Lajes Corporativas
PROLOGIS BRAZIL LOGISTICS VENTURE FDO INV IMOB,FII PROLOGIS,PBLV,Fundo de Tijolo,Imóveis Industriais e Logísticos
QUARTZO REAL ESTATE DEVELOPMENT MULTI FII RESP LIM,FII QTZD,QTZD,Fundo de Tijolo,Imóveis Comerciais - Outros
RAIZZ DESENVOLVIMENTO II FII RESP. LIMITADA,FII RZZI,RZZI,Fundo Misto,Misto
RAIZZ RENDA LOGÍSTICA FUNDO DE INVESTIMENTO IMOB.,FII RZZR,RZZR,Fundo de Tijolo,Imóveis Industriais e Logísticos
RB CAPITAL DESENV RESID III FDO INV IMOB - FII,FII RBRESID3,RSPD,Fundo Misto,Fundo de Desenvolvimento
RB CAPITAL DESENV. RESID. II FDO INV IMOB - FII,FII RBRESID2,RBDS,Fundo Misto,Fundo de Desenvolvimento
RB CAPITAL DESENV. RESIDENCIAL IV FDO. INV. IMOB.,FII RBRES IV,RBIR,Fundo Misto,Fundo de Desenvolvimento
RB CAPITAL LOGÍSTICO FDO. INV. IMOB.YE,FII RBCAP LG,RBLG,Fundo de Tijolo,Imóveis Industriais e Logísticos
RB CAPITAL RECEBÍVEIS IMOB. FDO. INVEST. IMOB FII,FII RBCAP RI,RRCI,Fundo de Papel,Papéis
RB CAPITAL RENDA II FDO INV IMOB - FII RESP LTDA.,FII RB II,RBRD,Fundo de Tijolo,Varejo
RB CAPITAL TFO SITUS FDO INV IMOB - FII,FII RB TFO,RBTS,Fundo Misto,Fundo de Desenvolvimento
RBR ALPHA MULTIESTRATÉGIA REAL ESTATE FDO INV IMOB,FII RBRALPHA,RBRF,Fundo de Papel,Fundo de Fundos
RBR DESENV COMERCIAL FEEDER FOF FDO INVEST IMOB,FII RBR FEED,RCFF,Fundo de Papel,Fundo de Fundos
RBR DESENVOLVIMENTO COMERCIAL I - FDO DE INV IMOB,FII RDCI,RDCI,Fundo Misto,Indefinido
RBR DESENVOLVIMENTO LOGÍSTICO I - FII RESP LIMITAD,FII RDLI,RDLI,Fundo de Tijolo,Lajes Corporativas
RBR LOG FUNDO DE INVESTIMENTO IMOBILIÁRIO,FII RBR LOG,RBRL,Fundo de Tijolo,Imóveis Industriais e Logísticos
RBR PLUS MULTIESTRATÉGIA REAL ESTATE FII,FII RBR MULT,RBRX,Fundo Misto,Indefinido
RBR PREMIUM RECEBÍVEIS IMOBILIÁRIOS FDO INV IMOB,FII RBR PR,RPRI,Fundo de Papel,Papéis
RBR TOP OFFICES FDO DE INV IMOB RESP LIM,FII TOPP,TOPP,Fundo de Tijolo,Imóveis Comerciais - Outros
REAG MULTI ATIVOS IMOBILIÁRIOS - FII,FII REAGMULT,RMAI,Fundo de Tijolo,Lajes Corporativas
REAL INVESTOR FUNDO DE INVESTIMENTO IMOBILIÁRIO,FII REAL INV,RINV,Fundo Misto,Indefinido
REC FDO DE CRI COTAS AMORT FDO DE INV IMOB - R LIM,FII RECD,RECD,Fundo de Papel,Papéis
REC MULTIESTRATÉGIA FDO INV IMOB RESP LIM,FII RECM,RECM,Fundo de Papel,Papéis
RIO BRAVO CREDITO IMOB HIGH GRADE FUND DE INVEST,FII RBCRI IV,RBHG,Fundo de Papel,Papéis
RIO BRAVO CRÉDITO IMOB. HIGH YIELD FDO. INV. IMOB.,FII RB YIELD,RBHY,Fundo de Papel,Papéis
RIO BRAVO CRÉDITO IMOBILIÁRIO II FDO INV IMOB -FII,FII RIOBCRI2,RBVO,Fundo de Papel,Papéis
RIO BRAVO FUNDO DE FUNDOS DE INVESTIMENTO IMOB,FII RIOB FF,RBFF,Fundo de Papel,Fundo de Fundos
RIO BRAVO OPORTUNIDADES IMOBILIÁRIAS FII,FII MERC BR,RBOP,Fundo de Tijolo,Lajes Corporativas
RIO BRAVO RENDA RESIDENCIAL FDO. INVEST. IMOB.,FII RIOB RR,RBRS,Fundo Misto,Fundo de Desenvolvimento
RIZA AKIN FDO. INV. IMOB. FII,FII RIZA AKN,RZAK,Fundo de Papel,Papéis
RIZA ARCTIUM REAL ESTATE FDO INV IMOB,FII ARCTIUM,RZAT,Fundo de Tijolo,Imóveis Industriais e Logísticos
RIZA LECCI FUNDO DE INVESTIMENTO IMOB RESP LIM,FII RZLC,RZLC,Fundo de Papel,Papéis
ROCK - FII FUNDO DE INVESTIMENTO IMOBILIÁRIO,FII ROCK,RCKF,Fundo Misto,Indefinido
SANTANDER PAPEIS IMOB CDI FDO INV IMOB,FII SANT PAP,SADI,Fundo de Papel,Papéis
SANTANDER PAPÉIS IMOBILIÁRIOS FDO DE INV IMOB,FII SAPI,SAPI,Fundo Misto,Misto
SANTANDER RENDA DE ALUGUÉIS FDO. INVEST. IMOB.,FII SANT REN,SARE,Fundo Misto,Misto
SAO DOMINGOS FDO INV IMOB - FII,FII DOMINGOS,FISD,Fundo de Papel,Papéis
SEQUOIA III RENDA IMOBILIÁRIA - FDO. INV. IMOB.,FII SEQUOIA,SEQR,Fundo Misto,Misto
SHOPPING WEST PLAZA FDO INV IMOB,FII W PLAZA,WPLZ,Fundo de Tijolo,Shoppings
SINGULARE FDO INV IMOB - FII,FII REIT RIV,REIT,Fundo de Papel,Papéis
SJ AU LOGÍSTICA FDO. INV. IMOB.,FII SJ AU,SJAU,Fundo de Tijolo,Imóveis Industriais e Logísticos
SOLARIUM FII - FDO INV. IMOB.,FII SOLARIUM,SOLR,Fundo de Tijolo,Imóveis Comerciais - Outros
SP DOWNTOWN FDO INV IMOB - FII,FII SP DOWNT,SPTW,Fundo de Tijolo,Lajes Corporativas
SPA FDO INV IMOB - FII,FII SPA,SPAF,Fundo de Tijolo,Shoppings
SPECIALE BLUE REAL ASSET FDO DE INV IMOB,FII SPECIALE,LTMT,Fundo de Tijolo,Imóveis Residenciais
SPECIALE REAL ESTATE DEVELOPMENT FDO DE INV IMOB,FII DVLP,DVLP,Fundo de Tijolo,Lajes Corporativas
SPECIALE REAL ESTATE DEVELOPMENT II FII,FII DVLT,DVLT,Fundo Misto,Fundo de Desenvolvimento
SPECIALE REAL ESTATE FUND OF FUNDS FDO DE INV IMOB,FII PMFO,PMFO,Fundo Misto,Misto
STARX FDO INV IMOB - FII,FII STARX,STRX,Fundo Misto,Fundo de Desenvolvimento
SUNO FUNDO DE FUNDOS DE INVESTIMENTO IMOBILIÁRIO,FII SUNOFOFI,SNFF,Fundo de Papel,Fundo de Fundos
SUNO LOG FUNDO DE INVESTIMENTO IMOBILIÁRIO,FII SUNO LG,SNLG,Fundo de Tijolo,Imóveis Industriais e Logísticos
SUNO MULTIESTRATÉGIA FDO DE INV IMOB,FII SNME,SNME,Fundo Misto,Indefinido
SUNO RECEBÍVEIS IMOBILIÁRIOS FDO DE INV IMOB,FII SUNO CRI,SNCI,Fundo de Papel,Papéis
SUPREMO FUNDO DE INVESTIMENTO IMOBILIÁRIO,FII SUPREMO,SPMO,Fundo Misto,Indefinido
TELLUS DESENVOLVIMENTO LOGÍSTICO FDO. INVEST. IMOB,FII TELLUS,TELD,Fundo Misto,Fundo de Desenvolvimento
TELLUS MULTIESTRATÉGIA - FDO INV IMOB RESP LTDA,FII TELM,TELM,Fundo Misto,Indefinido
TELLUS PROPERTIES - FDO INV. IMOB,FII TEL PROP,TEPP,Fundo de Tijolo,Lajes Corporativas
TISHMAN SPEYER RENDA CORPORATIVA FDO. INV. IMOB.,FII TISHMAN,TSER,Fundo de Tijolo,Lajes Corporativas
TIVIO RENDA IMOBILIÁRIA FUNDO DE INVESTIMENTO IMOB,FII TIVIO RI,TVRI,Fundo de Tijolo,Agências de Bancos
TIVIO RENDA IMOBILIÁRIA FUNDO DE INVESTIMENTO IMOB,FII TIVIO RI,TVRI,Fundo de Tijolo,Agências de Bancos
TIVIO RENDA IMOBILIÁRIA FUNDO DE INVESTIMENTO IMOB,FII TIVIO RI,TVRI,Fundo de Tijolo,Agências de Bancos
TIVIO RENDA IMOBILIÁRIA FUNDO DE INVESTIMENTO IMOB,FII TIVIO RI,TVRI,Fundo de Tijolo,Agências de Bancos
TIVIO RENDA IMOBILIÁRIA FUNDO DE INVESTIMENTO IMOB,FII TIVIO RI,TVRI,Fundo de Tijolo,Agências de Bancos
TIVIO RENDA IMOBILIÁRIA FUNDO DE INVESTIMENTO IMOB,FII TIVIO RI,TVRI,Fundo de Tijolo,Agências de Bancos
TIVIO RENDA IMOBILIÁRIA FUNDO DE INVESTIMENTO IMOB,FII TIVIO RI,TVRI,Fundo de Tijolo,Agências de Bancos
TIVIO SECURITIES FUNDO DE INVESTIMENTO IMOBILIÁRIO,FII V MASTER,VOTS,Fundo de Papel,Papéis
TJK RENDA IMOBILIÁRIA FDO INV IMOB,FII TJK REND,TJKB,Fundo Misto,Indefinido
TORDESILHAS EI FDO. INV. IMOB.,FII TORDE EI,TORD,Fundo Misto,Misto
TRANSINC FDO INV IMOB - FII,FII TRANSINC,TSNC,Fundo de Tijolo,Lajes Corporativas
TREECORP REAL ESTATE FDO INV IMOB - I,FII TREECORP,TCPF,Fundo Misto,Misto
TRX REAL ESTATE FDO. INV. IMOB. - FII,FII TRX REAL,TRXF,Fundo de Tijolo,Imóveis Comerciais - Outros
TRX REAL ESTATE II FDO. INVEST. IMOB.,FII TRX R II,TRXB,Fundo Misto,Fundo de Desenvolvimento
URCA PRIME RENDA FUNDO DE INVESTIMENTO IMOBILIÁRIO,FII URCA REN,URPR,Fundo de Papel,Papéis
V2 EDIFICIOS CORPORATIVOS FDO INV IMOB - FII,FII V2EDCORP,VVCO,Fundo de Tijolo,Lajes Corporativas
V2 MULTI RENDA FUNDO DE INVESTIMENTO IMOBILIÁRIO,FII MULT REN,VVMR,Fundo de Tijolo,Lajes Corporativas
V2 RECEBÍVEIS IMOBILIÁRIOS FUNDO DE INVESTIMENTO I,FII V2 RECE,VVCR,Fundo de Papel,Papéis
V2 RENDA IMOBILIÁRIA FDO DE INV IMOB,FII V2 RENDA,VVRI,Fundo Misto,Indefinido
VALORA CRI CDI FUNDO DE INVESTIMENTO IMOBILIÁRIO,FII VALREIII,VGIR,Fundo de Papel,Papéis
VALORA CRI ÍNDICE DE PREÇO FDO INVEST. IMOB. FII,FII VALORAIP,VGIP,Fundo de Papel,Papéis
VALORA HEDGE FUND FDO. INV. IMOB.,FII VALOR HE,VGHF,Fundo Misto,Misto
VALORA RENDA IMOB FUNDO DE INVES IMOB -RESP LIMIT,FII VGRI,VGRI,Fundo Misto,Misto
VBI AGRO - FUNDO DE INVESTIMENTO  IMOBILIÁRIO,FII QUASAR A,QAGR,Fundo Misto,Indefinido
VBI OFFICE FUND II - FDO. INVEST. IMOB.,FII BLUEMAC,BLMO,Fundo de Tijolo,Lajes Corporativas
VBI REITS MULTIESTRATÉGIA FDO. INV. IMOB,FII VBI REIT,RVBI,Fundo de Papel,Fundo de Fundos
VECTIS JUROS REAL FDO INV. IMOB. - FII,FII VECTIS,VCJR,Fundo de Papel,Papéis
VECTIS RENDA RESIDENCIAL FDO. INV. IMOB.,FII VECT REN,VCRR,Fundo de Tijolo,Imóveis Residenciais
VECTOR QUELUZ ATIVOS IMOB FDO INV IMOB,FII VQ LAJES,VLJS,Fundo de Tijolo,Lajes Corporativas
VENUS - FUNDO DE INVESTIMENTO IMOBILIÁRIO,FII VENUS,SALI,Fundo Misto,Misto
VERSALHES RECEBÍVEIS IMOBILIÁRIOS - FDO. INV. IMOB,FII VERS CRI,VSLH,Fundo de Papel,Papéis
VIC DESENVOLVIMENTO VINTAGE 20/21 FUND INVEST IMOB,FII VIC DES,VIDS,Fundo Misto,Fundo de Desenvolvimento
VIC DESENVOLVIMENTO VINTAGE 22/23 FDO DE INV IMOB,FII VIC VIN,VDSV,Fundo Misto,Indefinido
VINCI CREDIT SECURITIES FUNDO DE INVESTIMENTO IMOB,FII VINCI CR,VCRI,Fundo de Papel,Papéis
VINCI IMÓVEIS URBANOS FDO. DE INV. IMOB.,FII VINCI IU,VIUR,Fundo Misto,Misto
VINCI INSTRUMENTOS FINANCEIROS FDO INV IMOB - FII,FII VINCI IF,VIFI,Fundo de Papel,Fundo de Fundos
VINCI LOGÍSTICA FDO INV IMOB - FII,FII VINCI LG,VILG,Fundo de Tijolo,Imóveis Industriais e Logísticos
VINCI OFFICES FDO INV IMOB,FII VINCI OF,VINO,Fundo de Tijolo,Lajes Corporativas
VINCI SHOPPING CENTERS FDO INVEST IMOB - FII,FII VINCI SC,VISC,Fundo de Tijolo,Shoppings
WARREN SECURITIES FDO DE INV IMOB - FII,FII WARREN,WSEC,Fundo Misto,Indefinido
WHG FINVEST SP REALTY FDO DE INV IMOB - FII,FII WHG F SP,SPDE,Fundo Misto,Indefinido
WHG REAL ESTATE FUNDO DE INVESTIMENTO IMOBILIÁRIO,FII WHG REAL,WHGR,Fundo Misto,Indefinido
XP CORPORATE MACAÉ FDO INV IMOB - FII,FII XP MACAE,XPCM,Fundo de Tijolo,Lajes Corporativas
XP CREDITO IMOBILIÁRIO - FDO INV IMOB,FII XP CRED,XPCI,Fundo de Papel,Papéis
XP INDUSTRIAL FDO INV IMOB - FII,FII XP INDL,XPIN,Fundo de Tijolo,Imóveis Industriais e Logísticos
XP LOG FDO INV IMOB - FII,FII XP LOG,XPLG,Fundo de Tijolo,Imóveis Industriais e Logísticos
XP MALLS FDO INV IMOB FII,FII XP MALLS,XPML,Fundo de Tijolo,Shoppings
XP PROPERTIES FDO. INV. IMOB.,FII XP PROP,XPPR,Fundo de Tijolo,Lajes Corporativas
XP SELECTION FDO DE FUNDOS INV IMOB - FII,FII XP SELEC,XPSF,Fundo de Papel,Fundo de Fundos
YUCA FDO INV. IMOB.,FII YUCA,YUFI,Fundo Misto,Fundo de Desenvolvimento
ZAVIT CRÉDITO IMOBILIÁRIO - FDO INV IMOB,FII ZAVIT C,ZAVC,Fundo Misto,Indefinido
ZAVIT REAL ESTATE FUND - FDO INV IMOB,FII ZAVIT R,ZAVI,Fundo Misto,Indefinido
ZION CAPITAL FUNDO DE INVESTIMENTO IMOBILIÁRIO FII,FII ZION,ZIFI,Fundo Misto,Fundo de Desenvolvimento
